<?xml version="1.0" encoding="UTF-8"?>
<log>
   <starttest defaultResult="1"
              file="/root/te_base/work/_root_te_base_scripts_ogcapi-features-1.0_1.0_ctl_/ogcapi-features-1.0-suite/tns$Main.test"
              local-name="Main"
              namespace-uri="http://www.opengis.net/cite/ogcapi-features-1.0"
              path="s0005"
              prefix="tns"
              type="Mandatory">
      <assertion>The test subject satisfies all applicable constraints.</assertion>
      <params/>
   </starttest>
   <formresults id="d68e46_1">
      <values>
         <value key="collectionsLimit">limited</value>
         <value key="ogc-api-features-uri">http://192.168.141.59/</value>
         <value key="noOfCollections">1</value>
      </values>
   </formresults>
   <message id="d68e184_1">Test suite: ogcapi-features-1.0-1.7
======== Test groups ========
Core
    Passed: 91 | Failed: 7 | Skipped: 2
Coordinate Reference Systems by Reference
    Passed: 36 | Failed: 7 | Skipped: 0


        See detailed test report in the TE_BASE/users/
        ogctest/s0005/html/
        directory.
      </message>
   <message id="d68e195_1">
            Test methodvalidateFeaturesWithLimitResponse_NumberMatched:
            
              String index out of range: -1
            </message>
   <message id="d68e195_2">
            Test methodvalidateFeaturesWithLimitResponse_NumberMatched:
            
              String index out of range: -1
            </message>
   <message id="d68e195_3">
            Test methodvalidateFeaturesResponse_NumberMatched:
            
              String index out of range: -1
            </message>
   <message id="d68e195_4">
            Test methodvalidateFeaturesWithBoundingBoxResponse_NumberMatched:
            
              String index out of range: -1
            </message>
   <message id="d68e195_5">
            Test methodvalidateFeaturesWithBoundingBoxResponse_NumberMatched:
            
              String index out of range: -1
            </message>
   <message id="d68e195_6">
            Test methodvalidateFeaturesWithBoundingBoxResponse_NumberMatched:
            
              String index out of range: -1
            </message>
   <message id="d68e195_7">
            Test methodvalidateFeaturesWithBoundingBoxResponse_NumberMatched:
            
              String index out of range: -1
            </message>
   <message id="d68e195_8">
            Test methodverifyBboxCrsParameter:
            
              expected [true] but found [false]
            </message>
   <message id="d68e195_9">
            Test methodverifyBboxCrsParameter:
            
              expected [true] but found [false]
            </message>
   <message id="d68e195_10">
            Test methodverifyBboxCrsParameter:
            
              expected [true] but found [false]
            </message>
   <message id="d68e195_11">
            Test methodverifyFeaturesCrsParameterTransformWithCrsParameter:
            </message>
   <message id="d68e195_12">
            Test methodverifyFeaturesCrsParameterTransformWithCrsParameter:
            </message>
   <message id="d68e195_13">
            Test methodverifyFeaturesCrsParameterTransformWithCrsParameter:
            </message>
   <message id="d68e195_14">
            Test methodverifyFeaturesCrsParameterTransformWithCrsParameter:
            </message>
   <endtest result="6"/>
</log>