<?xml version="1.0" encoding="UTF-8"?>
<log>
   <starttest defaultResult="1"
              file="/root/te_base/work/_root_te_base_scripts_ogcapi-features-1.0_1.0_ctl_/ogcapi-features-1.0-suite/tns$Main.test"
              local-name="Main"
              namespace-uri="http://www.opengis.net/cite/ogcapi-features-1.0"
              path="s0002"
              prefix="tns"
              type="Mandatory">
      <assertion>The test subject satisfies all applicable constraints.</assertion>
      <params/>
   </starttest>
   <formresults id="d68e46_1">
      <values>
         <value key="collectionsLimit">limited</value>
         <value key="ogc-api-features-uri">http://192.168.141.59/</value>
         <value key="noOfCollections">3</value>
      </values>
   </formresults>
   <message id="d68e184_1">Test suite: ogcapi-features-1.0-1.7
======== Test groups ========
Core
    Passed: 93 | Failed: 5 | Skipped: 2
Coordinate Reference Systems by Reference
    Passed: 43 | Failed: 0 | Skipped: 0


        See detailed test report in the TE_BASE/users/
        ogctest/s0002/html/
        directory.
      </message>
   <message id="d68e195_1">
            Test methodvalidateFeaturesWithLimitResponse_NumberMatched:
            
              Value of numberReturned (205014) does not match the number of features in all responses (2010) expected [2010] but found [205014]
            </message>
   <message id="d68e195_2">
            Test methodvalidateFeaturesWithLimitResponse_NumberMatched:
            
              Value of numberReturned (205014) does not match the number of features in all responses (2100) expected [2100] but found [205014]
            </message>
   <message id="d68e195_3">
            Test methodvalidateFeaturesResponse_NumberMatched:
            
              Value of numberReturned (205014) does not match the number of features in all responses (2100) expected [2100] but found [205014]
            </message>
   <message id="d68e195_4">
            Test methodvalidateFeaturesWithBoundingBoxResponse_NumberMatched:
            
              Value of numberReturned (205014) does not match the number of features in all responses (2100) expected [2100] but found [205014]
            </message>
   <message id="d68e195_5">
            Test methodvalidateFeaturesWithBoundingBoxResponse_NumberMatched:
            
              Value of numberReturned (3921) does not match the number of features in all responses (2100) expected [2100] but found [3921]
            </message>
   <endtest result="6"/>
</log>