<?xml version="1.0" encoding="UTF-8"?>
<log>
   <starttest defaultResult="1"
              file="/root/te_base/work/_root_te_base_scripts_ogcapi-features-1.0_1.0_ctl_/ogcapi-features-1.0-suite/tns$Main.test"
              local-name="Main"
              namespace-uri="http://www.opengis.net/cite/ogcapi-features-1.0"
              path="s0008"
              prefix="tns"
              type="Mandatory">
      <assertion>The test subject satisfies all applicable constraints.</assertion>
      <params/>
   </starttest>
   <formresults id="d68e46_1">
      <values>
         <value key="collectionsLimit">limited</value>
         <value key="ogc-api-features-uri">http://192.168.253.59/</value>
         <value key="noOfCollections">3</value>
      </values>
   </formresults>
   <message id="d68e184_1">Test suite: ogcapi-features-1.0-1.7
======== Test groups ========
Core
    Passed: 98 | Failed: 0 | Skipped: 2
Coordinate Reference Systems by Reference
    Passed: 43 | Failed: 0 | Skipped: 0


        See detailed test report in the TE_BASE/users/
        ogctest/s0008/html/
        directory.
      </message>
   <endtest result="1"/>
</log>